name,type,latitude,longitude
室蘭市立室蘭西中学校,中学校,42.312695,140.979407
室蘭市立星蘭中学校,中学校,42.308889,140.991778
室蘭市立本室蘭中学校,中学校,42.375704,140.939215
室蘭市立東明中学校,中学校,42.370524,141.032032
室蘭市立桜蘭中学校,中学校,42.359321,141.02074
室蘭市立港北中学校,中学校,42.370094,140.990073
室蘭市立翔陽中学校,中学校,42.338922,141.021926
海星学院中学校,中学校,42.366312,141.031582
室蘭工業大学,大学,42.377304,141.032879
北斗文化学園インターナショナル調理技術専門学校,専修学校,42.315845,140.978473
北海道福祉教育専門学校,専修学校,42.313564,140.991673
市立室蘭看護専門学院,専修学校,42.367116,141.034699
日鋼記念看護学校,専修学校,42.314996,140.984529
室蘭市立みなと小学校,小学校,42.331982,140.952729
室蘭市立八丁平小学校,小学校,42.371917,141.014826
室蘭市立喜門岱小学校,小学校,42.3938,140.968807
室蘭市立地球岬小学校,小学校,42.312107,140.989467
室蘭市立天神小学校,小学校,42.37483,141.032979
室蘭市立旭ヶ丘小学校,小学校,42.356154,141.023084
室蘭市立海陽小学校,小学校,42.342121,141.028118
室蘭市立白蘭小学校,小学校,42.37438,140.93441
室蘭市立蘭北小学校,小学校,42.364595,140.996153
すみれ文化幼稚園,幼稚園,42.312754,140.993903
ピノキオ幼稚園,幼稚園,42.375571,140.936221
ベネディクト幼稚園,幼稚園,42.364961,141.032132
八丁平美園幼稚園,幼稚園,42.364406,141.007978
室蘭中島幼稚園,幼稚園,42.353344,141.007841
室蘭美園幼稚園,幼稚園,42.343789,141.023444
文化学園大学附属幼稚園,幼稚園,42.365691,141.035518
桜ケ丘幼稚園,幼稚園,42.36362,140.989604
J.FUKUDA DENTAL CLINIC,歯科,42.354072,141.015965
ありじ歯科クリニック,歯科,42.35168,141.026961
いちはし歯科,歯科,42.363298,140.980354
すずき歯科医院,歯科,42.371461,141.035556
みうら歯科,歯科,42.361169,140.987997
エルム歯科中央診療所,歯科,42.316108,140.971236
エルム歯科蘭東診療所,歯科,42.352018,141.017525
グリーン・デンタル・クリニック,歯科,42.366786,141.007976
八丁平歯科医院,歯科,42.371593,141.012077
医療法人社団いしい歯科,歯科,42.345522,141.028707
医療法人社団ちりべつファミリー歯科医院,歯科,42.362906,141.024593
医療法人社団サイトウ歯科医院,歯科,42.354291,141.042515
医療法人社団多田歯科医院,歯科,42.316317,140.972584
医療法人社団奥村歯科医院,歯科,42.314206,140.990104
医療法人社団川本歯科医院,歯科,42.35136,141.01695
医療法人社団日昇会太平洋歯科医院,歯科,42.378233,140.940825
医療法人社団松田歯科医院,歯科,42.354317,141.035688
医療法人社団林歯科医院,歯科,42.361707,141.040801
医療法人社団横山歯科医院,歯科,42.315724,140.989295
医療法人社団福田歯科クリニック,歯科,42.340547,140.950843
宇賀歯科医院,歯科,42.317795,140.970712
小野瀬歯科医院,歯科,42.342244,141.02595
山本歯科,歯科,42.361042,141.023356
岡田歯科医院,歯科,42.353629,141.022148
岩倉歯科,歯科,42.376428,141.032598
御前水歯科クリニック,歯科,42.321155,140.997398
本田歯科,歯科,42.334672,140.957492
柴田歯科　Takasago Dental Office,歯科,42.366441,141.032536
柴田歯科医院,歯科,42.355056,141.019099
森歯科クリニック,歯科,42.360641,140.986851
水野歯科医院,歯科,42.346393,141.026943
海岸町歯科クリニック,歯科,42.319683,140.972358
由川歯科医院,歯科,42.351969,141.020851
福田歯科医院,歯科,42.336095,141.012005
谷口歯科医院,歯科,42.321541,140.996709
金子歯科医院,歯科,42.34179,141.024692
高砂公園歯科,歯科,42.359143,141.031866
高砂歯科医院,歯科,42.376162,141.036839
髙橋歯科クリニック,歯科,42.380532,140.944108
Ａｑｕａ矯正歯科,歯科,42.351468,141.022449
北海道室蘭聾学校,特別支援学校,42.385742,141.03179
北海道室蘭養護学校,特別支援学校,42.379177,141.012487
三村病院,病院,42.352242,141.023586
医療法人室蘭太平洋病院,病院,42.379338,140.942211
医療法人社団上田病院,病院,42.346763,141.029015
大川原脳神経外科病院,病院,42.348144,141.03096
市立室蘭総合病院,病院,42.313567,140.976385
日鋼記念病院,病院,42.315652,140.985174
社会医療法人製鉄記念室蘭病院,病院,42.357482,141.017154
あとう内科クリニック,診療所,42.35624,141.020522
さはら呼吸器内科クリニック,診療所,42.350989,141.020211
ちりべつ循環器内科クリニック,診療所,42.362906,141.024593
ひがしまち皮膚科クリニック,診療所,42.3458,141.026748
ふじかね内科医院,診療所,42.333583,141.0071
まつもと脳神経外科クリニック,診療所,42.356376,141.020595
むろらん神経内科クリニック,診療所,42.355436,141.019057
サテライトクリニック知利別,診療所,42.356154,141.018936
モルエ　アイ　クリニック,診療所,42.35304,141.013148
一般財団法人室蘭登別総合健診センター,診療所,42.341766,141.025541
健康管理センター,診療所,42.342838,140.997596
勤医協室蘭診療所,診療所,42.334554,141.01186
北海道室蘭保健所,診療所,42.320522,140.972194
医療法人てつのまち整形外科クリニック,診療所,42.351476,141.022462
医療法人社団あだち内科クリニック,診療所,42.368107,141.009342
医療法人社団いくた内科クリニック,診療所,42.362511,140.991436
医療法人社団いな川こどもクリニック,診療所,42.347533,141.030917
医療法人社団おぎのクリニック,診療所,42.350752,141.011727
医療法人社団かみと耳鼻咽喉科クリニック,診療所,42.347688,141.025947
医療法人社団くがはら内科クリニック,診療所,42.320648,140.997035
医療法人社団はざま小児科クリニック,診療所,42.35544,141.026466
医療法人社団下地内科クリニック,診療所,42.361124,140.985725
医療法人社団室蘭なかじま皮膚科クリニック,診療所,42.355443,141.019061
医療法人社団小野瀬整形外科,診療所,42.36119,141.023419
医療法人社団斉藤外科医院,診療所,42.316464,140.971066
医療法人社団有賀眼科医院,診療所,42.344734,141.027861
医療法人社団本庄医院,診療所,42.352921,141.01483
医療法人社団柳川内科医院,診療所,42.375565,141.034854
医療法人社団栗林眼科医院,診療所,42.348751,141.028385
医療法人社団泌尿器科宮尾クリニック,診療所,42.351212,141.020223
医療法人社団白鳥台医院,診療所,42.378764,140.939495
医療法人社団神島整形外科医院,診療所,42.345522,141.028707
医療法人社団福永医院,診療所,42.333332,141.010114
医療法人社団秀仁会野尻内科消化器科クリニック,診療所,42.35544,141.026466
医療法人社団緑生会室蘭皮膚科クリニック,診療所,42.348873,141.024494
医療法人社団西里内科循環器科医院,診療所,42.363283,141.03845
医療法人社団鈴木内科,診療所,42.314995,140.970347
医療法人社団雄保会かみしま医院,診療所,42.349856,141.022969
医療法人社団順心会澤崎眼科,診療所,42.319545,140.972529
国土交通省共済組合北海道開発局室蘭開発建設部診療所,診療所,42.321531,140.974093
室蘭こころのクリニック,診療所,42.351321,141.012411
室蘭工業大学保健管理センタ-,診療所,42.377848,141.033479
室蘭市保健センター,診療所,42.34199,141.025462
市立室蘭みなと診療所,診療所,42.323124,140.970855
心療内科・精神科 街の診療所,診療所,42.355395,141.019113
本輪西ファミリークリニック,診療所,42.364168,140.982705
東室蘭サテライトクリニック,診療所,42.341589,141.022707
東室蘭医院,診療所,42.345646,141.026847
母恋内科クリニック,診療所,42.315511,140.990396
特別養護老人ホームみたらの杜診療所,診療所,42.334494,140.935178
特別養護老人ホームエンルムハイツ医務室,診療所,42.333485,140.943395
特別養護老人ホーム白鳥ハイツ医務室,診療所,42.382936,140.94715
社会福祉法人室蘭天照福祉会医務室,診療所,42.376813,140.997831
鴨井整形外科医院,診療所,42.317512,140.972961
認定こども園むろらんようちえん,認定こども園,42.322113,141.000603
認定こども園室蘭めばえ幼稚園,認定こども園,42.360218,141.024003
認定こども園清泉幼稚園,認定こども園,42.33468,140.945178
北海道大谷室蘭高等学校,高等学校,42.377193,141.012998
北海道室蘭工業高等学校,高等学校,42.35627,141.028113
北海道室蘭東翔高等学校,高等学校,42.369465,141.03684
北海道室蘭栄高等学校,高等学校,42.343988,141.031258
北海道室蘭清水丘高等学校,高等学校,42.323396,140.948771
海星学院高等学校,高等学校,42.366433,141.031513
